83.802,96.069
84.53679452967913,95.39071023953355
85.27158905935825,94.71242047906709
86.00638358903737,94.03413071860064
86.74117811871649,93.35584095813418
87.38367510739482,92.58955274894701
88.02617209607315,91.82326453975985
88.66866908475149,91.05697633057268
89.31116607342982,90.29068812138551
89.95366306210815,89.52439991219835
90.53905586467178,88.71365009461792
91.12444866723541,87.90290027703749
91.70984146979904,87.09215045945706
92.29523427236268,86.28140064187663
92.88062707492631,85.4706508242962
93.46601987748994,84.65990100671577
94.05141268005357,83.84915118913534
94.6368054826172,83.03840137155491
95.22219828518084,82.22765155397448
95.80759108774447,81.41690173639405
96.3929838903081,80.60615191881362
96.97837669287173,79.7954021012332
97.56376949543537,78.98465228365276
98.149162297999,78.17390246607233
98.73455510056263,77.3631526484919
99.31994790312626,76.55240283091148
99.91543992747981,75.74904161145206
100.51093195183336,74.94568039199264
101.1064239761869,74.14231917253322
101.70191600054045,73.3389579530738
102.297408024894,72.53559673361438
102.89290004924754,71.73223551415497
103.56632409094156,70.99297909039626
104.23974813263558,70.25372266663756
104.9131721743296,69.51446624287885
105.58659621602362,68.77520981912015
106.26002025771764,68.03595339536145
106.93344429941166,67.29669697160274
107.72335801256311,66.68347896324414
108.51327172571456,66.07026095488554
109.30318543886601,65.45704294652694
110.09309915201746,64.84382493816834
110.88301286516891,64.23060692980974
111.67292657832036,63.61738892145113
112.4628402914718,63.00417091309252
113.25275400462326,62.390952904733915
114.0426677177747,61.77773489637531
114.83258143092615,61.1645168880167
115.6224951440776,60.55129887965809
116.41240885722905,59.93808087129948
117.2023225703805,59.324862862940876
117.99223628353195,58.71164485458227
118.94732533373859,58.415325928127366
119.90241438394523,58.119007001672465
120.9024140991169,58.11976175764317
121.90241381428856,58.12051651361387
122.89699640482306,58.22446587919969
123.89157899535755,58.32841524478551
124.88616158589204,58.43236461037133
125.88074417642653,58.53631397595715
126.87532676696102,58.64026334154297
127.86990935749552,58.74421270712879
128.85775285642308,58.899664376874
129.84559635535064,59.05511604661921
130.8334398542782,59.21056771636442
131.82128335320576,59.366019386109635
132.80912685213332,59.521471055854846
133.79697035106088,59.67692272560006
134.78481384998844,59.83237439534527
135.7842365725698,59.7984005585287
136.78365929515115,59.76442672171213
137.7830820177325,59.730452884895556
138.78250474031387,59.696479048078984
139.78192746289523,59.66250521126241
140.78135018547658,59.62853137444584
141.779163390158,59.562434411101215
142.77697659483943,59.49633744775659
143.77478979952085,59.43024048441196
144.77475756636184,59.438269511689896
145.77339342870908,59.490484590297505
146.54957348571688,60.12099590590047
145.59014923921967,59.83902939151758
145.00399558322383,60.64922929991224
144.05488123277289,60.96416095879725
143.10576688232194,61.27909261768226
142.12985801296782,61.497271165472654
141.1539491436137,61.71544971326305
140.17804027425956,61.93362826105344
139.20213140490543,62.15180680884384
138.2262225355513,62.36998535663423
137.25031366619717,62.588163904424626
136.27440479684304,62.80634245221502
135.29849592748891,63.024521000005414
134.3225870581348,63.24269954779581
133.34667818878066,63.4608780955862
132.37076931942653,63.6790566433766
131.3948604500724,63.89723519116699
130.41895158071827,64.11541373895739
129.44304271136414,64.33359228674779
128.46713384201,64.55177083453819
127.5484958486543,64.9468711220139
126.62985785529858,65.34197140948962
125.71121986194287,65.73707169696533
124.79258186858715,66.13217198444104
123.87394387523143,66.52727227191676
122.95530588187572,66.92237255939247
122.03666788852,67.31747284686818
121.11802989516428,67.7125731343439
120.19939190180857,68.10767342181961
119.28075390845285,68.50277370929533
118.36211591509714,68.89787399677104
117.55587372895661,69.48945960958405
116.74963154281609,70.08104522239705
115.94338935667557,70.67263083521006
115.13714717053504,71.26421644802306
114.33090498439452,71.85580206083607
113.524662798254,72.44738767364908
112.71842061211348,73.03897328646208
111.91217842597295,73.63055889927509
111.10593623983243,74.2221445120881
110.29969405369191,74.8137301249011
109.49345186755139,75.4053157377141
108.68720968141086,75.99690135052711
107.94593784521071,76.66810628559273
107.20466600901055,77.33931122065835
106.4633941728104,78.01051615572396
105.72212233661024,78.68172109078958
104.98085050041009,79.3529260258552
104.23957866420993,80.02413096092081
103.49830682800977,80.69533589598643
102.75703499180962,81.36654083105205
102.01576315560946,82.03774576611767
101.27449131940931,82.70895070118328
100.53321948320915,83.3801556362489
99.791947647009,84.05136057131452
99.05067581080884,84.72256550638014
98.30940397460868,85.39377044144575
97.56813213840853,86.06497537651137
96.82686030220837,86.73618031157699
96.08558846600822,87.4073852466426
95.34431662980806,88.07859018170822
94.6030447936079,88.74979511677384
93.95379273131356,89.5103684265912
93.3045406690192,90.27094173640856
92.65528860672485,91.03151504622592
92.0060365444305,91.79208835604328
91.35678448213615,92.55266166586064
90.7075324198418,93.313234975678
90.05828035754745,94.07380828549536
89.4090282952531,94.83438159531272
88.75977623295874,95.59495490513008
88.11052417066439,96.35552821494744
87.46127210837004,97.1161015247648
86.81202004607569,97.87667483458216
86.16276798378134,98.63724814439952
85.51351592148698,99.39782145421688
85.74860919297815,100.36979426952581
85.98370246446932,101.34176708483474
86.21879573596048,102.31373990014367
86.45388900745165,103.2857127154526
87.26784813122318,103.8666348658558
88.0818072549947,104.447557016259
88.89576637876623,105.0284791666622
89.70972550253775,105.60940131706539
90.66161812004847,105.91583311164385
91.6135107375592,106.2222649062223
92.56540335506992,106.52869670080077
93.51729597258064,106.83512849537922
94.46918859009136,107.14156028995768
95.4369814527078,107.39330813020399
96.40477431532423,107.6450559704503
97.37256717794067,107.89680381069661
98.3403600405571,108.14855165094292
99.30815290317354,108.40029949118923
100.27594576578997,108.65204733143554
101.2437386284064,108.90379517168185
102.21153149102284,109.15554301192816
103.17932435363927,109.40729085217447
104.14711721625571,109.65903869242078
105.11491007887214,109.91078653266709
106.08270294148858,110.1625343729134
107.05049580410501,110.41428221315971
108.00396169865974,110.71578310523294
108.95742759321446,111.01728399730618
109.91089348776919,111.31878488937942
110.86435938232391,111.62028578145265
111.81782527687864,111.92178667352589
112.77129117143336,112.22328756559912
113.72475706598809,112.52478845767236
114.72457953676805,112.50594629953024
115.72440200754801,112.48710414138812
116.49684329621262,113.1221903210253
115.80516600280423,113.84439702397346
115.11348870939584,114.56660372692161
114.42181141598745,115.28881042986977
113.73013412257906,116.01101713281793
112.73630317879542,115.90011151899195
111.74247223501179,115.78920590516597
110.74864129122815,115.67830029134
109.75481034744452,115.56739467751402
108.82399758753182,115.20189829451726
107.89318482761912,114.83640191152051
106.96237206770643,114.47090552852376
106.03155930779373,114.105409145527
105.10074654788103,113.73991276253025
104.16993378796833,113.3744163795335
103.23912102805564,113.00891999653675
102.29207648748846,112.68781777265482
101.34503194692128,112.3667155487729
100.3979874063541,112.04561332489098
99.45094286578693,111.72451110100906
98.50389832521975,111.40340887712713
97.55685378465257,111.08230665324521
96.61645944385647,110.74222065853408
95.67606510306037,110.40213466382295
94.73567076226426,110.06204866911182
93.79527642146816,109.72196267440069
92.85488208067206,109.38187667968955
91.91448773987595,109.04179068497842
90.97409339907985,108.70170469026729
90.01345269991447,108.9794985834814
89.05281200074909,109.25729247669551
88.0921713015837,109.53508636990962
87.56689719369024,110.3860194528114
87.04162308579677,111.23695253571317
86.70790557753368,112.17962566287798
86.37418806927059,113.12229879004279
86.44816602357136,114.1195586670445
86.52214397787213,115.11681854404621
86.5961219321729,116.11407842104792
86.67009988647368,117.11133829804963
86.74407784077445,118.10859817505134
86.81805579507522,119.10585805205305
86.892033749376,120.10311792905476
86.43346807052383,120.99177844813887
86.29816902634576,120.00097363958953
86.16286998216769,119.01016883104019
86.02757093798962,118.01936402249085
85.89227189381155,117.0285592139415
85.75697284963348,116.03775440539216
85.62167380545542,115.04694959684282
85.31399485127386,114.09545936507281
85.0063158970923,113.1439691333028
84.69863694291075,112.1924789015328
84.3909579887292,111.24098866976279
84.08327903454764,110.28949843799278
83.77560008036609,109.33800820622277
83.46792112618454,108.38651797445276
82.55869711133927,107.9702107671783
81.649473096494,107.55390355990384
80.74024908164874,107.13759635262939
79.83102506680348,106.72128914535493
78.92180105195821,106.30498193808047
78.01257703711295,105.88867473080602
77.10335302226768,105.47236752353156
76.14021490693086,105.20336014299072
74.21393867625723,104.66534538190903
75.17707679159405,104.93435276244988
73.25080056092041,104.39633800136819
72.28766244558359,104.12733062082735
71.32452433024677,103.85832324028651
70.36138621490996,103.58931585974567
69.37322073989114,103.43592422379106
68.38505526487232,103.28253258783646
67.3968897898535,103.12914095188185
66.40872431483469,102.97574931592725
65.42055883981587,102.82235767997264
64.43239336479705,102.66896604401803
63.44422788977823,102.51557440806343
62.456062414759415,102.36218277210882
61.4678969397406,102.20879113615422
60.4808963764105,102.04807434180445
59.4938958130804,101.88735754745468
58.5068952497503,101.72664075310492
57.731433863443335,101.0952457591852
56.95597247713637,100.46385076526549
57.44122687126742,99.58947774819754
58.233911038257766,98.97984522658898
59.026595205248114,98.37021270498042
59.81927937223846,97.76058018337186
60.61196353922881,97.1509476617633
61.607880729750526,97.06067612902271
62.60379792027224,96.97040459628212
63.59971511079396,96.88013306354154
64.59563230131567,96.78986153080095
65.59154949183738,96.69958999806036
66.49852364688668,97.1207762776002
67.40549780193598,97.54196255714004
68.31247195698528,97.96314883667988
69.21944611203457,98.38433511621972
70.12642026708387,98.80552139575956
71.03339442213317,99.2267076752994
71.94036857718247,99.64789395483923
72.84734273223177,100.06908023437907
73.75431688728106,100.49026651391891
74.66129104233036,100.91145279345875
75.56826519737966,101.33263907299859
76.49321292767608,101.71273339842256
77.4181606579725,102.09282772384653
78.34310838826893,102.4729220492705
79.30036295509078,102.7621688198639
80.25761752191262,103.05141559045731
81.21487208873447,103.34066236105072
82.17212665555631,103.62990913164413
83.12938122237816,103.91915590223753
83.36459209912776,102.94721153991082
83.59980297587737,101.97526717758412
83.83501385262697,101.0033228152574
83.69532804500882,100.01312693809467
83.55564223739067,99.02293106093194
83.41595642977252,98.0327351837692
83.27627062215437,97.04253930660647
83.13658481453622,96.05234342944374
82.99689900691807,95.062147552281
82.64723832041295,94.1252711440431
82.29757763390784,93.18839473580519
81.94791694740272,92.25151832756728
81.5982562608976,91.31464191932938
81.24859557439248,90.37776551109147
80.89893488788736,89.44088910285356
80.54927420138225,88.50401269461565
80.19961351487713,87.56713628637775
79.84995282837201,86.63025987813984
79.5002921418669,85.69338346990193
79.15063145536178,84.75650706166402
78.80097076885666,83.81963065342612
78.45131008235154,82.88275424518821
77.88725925647209,82.05701417360109
77.32320843059264,81.23127410201397
76.7591576047132,80.40553403042685
76.19510677883375,79.57979395883973
75.6310559529543,78.75405388725261
75.06700512707485,77.92831381566549
74.5029543011954,77.10257374407837
73.93890347531595,76.27683367249125
73.3748526494365,75.45109360090413
72.81080182355706,74.62535352931701
72.24675099767761,73.79961345772989
71.68270017179816,72.97387338614277
71.11864934591871,72.14813331455565
70.55459852003926,71.32239324296853
69.87121669157209,70.5923320972274
69.18783486310491,69.86227095148627
68.50445303463773,69.13220980574513
67.82107120617056,68.402148660004
67.13768937770338,67.67208751426287
66.4543075492362,66.94202636852174
65.77092572076903,66.2119652227806
65.08754389230185,65.48190407703947
64.40416206383468,64.75184293129834
63.72078023536749,64.02178178555721
62.90249922942702,63.4469633835231
62.08421822348655,62.87214498148899
61.26593721754608,62.297326579454875
60.44765621160561,61.722508177420764
59.62937520566514,61.14768977538665
58.81109419972467,60.57287137335254
57.9928131937842,59.99805297131843
57.17453218784373,59.42323456928432
56.35625118190326,58.84841616725021
55.53797017596279,58.273597765216095
56.41121154640424,57.78630985345393
57.41077257672543,57.815936643074814
58.41033360704662,57.8455634326957
59.379312472954716,58.09270702946376
61.317270204770914,58.586994222999884
60.348291338862815,58.33985062623182
62.28624907067901,58.834137819767946
63.25522793658711,59.08128141653601
64.22420680249522,59.32842501330407
65.11532129190574,59.78220355704828
66.00643578131627,60.235982100792484
66.8975502707268,60.68976064453669
67.78866476013732,61.1435391882809
68.67977924954785,61.597317732025104
69.57089373895838,62.05109627576931
70.4620082283689,62.50487481951352
71.21184484313392,63.16649786261112
71.96168145789893,63.82812090570873
72.71151807266395,64.48974394880634
73.46135468742897,65.15136699190394
74.21119130219398,65.81299003500155
74.78683234977163,66.63069253857097
75.36247339734928,67.44839504214039
75.93811444492692,68.26609754570981
76.51375549250457,69.08380004927923
77.08939654008222,69.90150255284865
77.66503758765987,70.71920505641808
78.0104244725957,71.6576654443484
78.35581135753154,72.59612583227872
78.70119824246737,73.53458622020904
79.0465851274032,74.47304660813936
79.39197201233904,75.41150699606968
79.73735889727487,76.349967384
80.02780806326626,77.30685780718068
80.31825722925765,78.26374823036136
80.60870639524904,79.22063865354204
80.89915556124043,80.17752907672272
81.18960472723182,81.1344194999034
81.48005389322321,82.09130992308408
81.7705030592146,83.04820034626476
82.060952225206,84.00509076944545
82.35140139119738,84.96198119262613
82.64185055718877,85.91887161580681
82.93229972318017,86.87576203898749
83.22274888917156,87.83265246216817
83.41207919177904,88.81456591890179
83.60140949438653,89.79647937563541
83.79073979699402,90.77839283236904
83.9800700996015,91.76030628910266
83.93899907150966,92.75946251845394
83.8979280434178,93.75861874780523
83.85685701532596,94.75777497715652
83.81578598723411,95.7569312065078
85.10675284637621,94.18466508659655
85.84150569275242,93.5063301731931
86.57625853912863,92.82799525978966
87.21404909302971,92.05778541218022
87.8518396469308,91.28757556457079
88.48963020083188,90.51736571696135
89.12742075473297,89.74715586935191
89.76521130863405,88.97694602174248
90.34927903396347,88.16524109245566
90.93334675929289,87.35353616316884
91.51741448462231,86.54183123388202
92.10148220995173,85.7301263045952
92.68554993528114,84.91842137530838
93.26961766061056,84.10671644602157
93.85368538593998,83.29501151673475
94.4377531112694,82.48330658744793
95.02182083659882,81.67160165816111
95.60588856192824,80.85989672887429
96.18995628725766,80.04819179958747
96.77402401258708,79.23648687030065
97.3580917379165,78.42478194101383
97.94215946324591,77.61307701172701
98.52622718857533,76.8013720824402
99.11029491390475,75.98966715315338
99.70627303494963,75.18666648115129
100.30225115599451,74.3836658091492
100.89822927703939,73.58066513714712
101.49420739808427,72.77766446514504
102.09018551912915,71.97466379314295
102.68616364017403,71.17166312114087
103.36329182433022,70.43579803688877
104.04042000848641,69.69993295263667
104.7175481926426,68.96406786838457
105.39467637679878,68.22820278413248
106.07180456095497,67.49233769988038
106.74893274511116,66.75647261562828
107.54059731486268,66.14551663603552
108.3322618846142,65.53456065644276
109.12392645436572,64.92360467685
109.91559102411723,64.31264869725725
110.70725559386875,63.70169271766449
111.49892016362027,63.09073673807174
112.29058473337179,62.47978075847899
113.0822493031233,61.868824778886236
113.87391387287482,61.25786879929348
114.66557844262634,60.64691281970073
115.45724301237786,60.03595684010798
116.24890758212938,59.425000860515226
117.0405721518809,58.814044880922474
117.83223672163241,58.20308890132972
118.79084396696186,57.91835718690032
119.7494512122913,57.633625472470925
120.74944664711161,57.630603827463055
121.74944208193192,57.627582182455185
122.74442469029248,57.727630216219026
123.73940729865303,57.82767824998287
124.7343899070136,57.92772628374671
125.72937251537415,58.02777431751055
126.72435512373471,58.12782235127439
127.71933773209527,58.22787038503823
128.70744932295068,58.38160874725532
129.69556091380608,58.53534710947241
130.68367250466147,58.6890854716895
131.67178409551687,58.84282383390659
132.65989568637227,58.99656219612368
133.64800727722766,59.150300558340774
134.63611886808306,59.304038920557865
135.63569524366966,59.27493446438425
136.63527161925626,59.24583000821064
137.63484799484286,59.216725552037026
138.63442437042946,59.18762109586341
139.63400074601606,59.1585166396898
140.63357712160266,59.12941218351619
141.631502979848,59.06503841987513
142.62942883809333,59.00066465623407
143.62735469633867,58.936290892593014
144.625280554584,58.87191712895196
145.62264313510272,58.944497312067305
146.58869119531147,59.202859742321586
146.0703890707511,60.0580573263197
147.04473451488656,60.2831149978008
146.19478173517481,60.80997387099198
145.34482895546307,61.33683274418316
144.37250045282315,61.57045055804585
143.40017195018322,61.804068371908535
142.4278434475433,62.03768618577122
141.45056350543743,62.249638809622745
140.47328356333156,62.46159143347427
139.4960036212257,62.67354405732579
138.51872367911983,62.885496681177315
137.54144373701396,63.09744930502884
136.5641637949081,63.30940192888036
135.58688385280223,63.521354552731886
134.60960391069636,63.73330717658341
133.6323239685905,63.94525980043493
132.65504402648463,64.15721242428646
131.67776408437877,64.36916504813797
130.7004841422729,64.58111767198949
129.72320420016703,64.793070295841
128.74592425806117,65.00502291969252
127.82639812185617,65.39805177974725
126.90687198565118,65.79108063980198
125.98734584944619,66.1841094998567
125.06781971324119,66.57713835991143
124.1482935770362,66.97016721996616
123.2287674408312,67.36319608002088
122.30924130462621,67.75622494007561
121.38971516842122,68.14925380013034
120.47018903221623,68.54228266018507
119.55066289601123,68.9353115202398
118.63113675980624,69.32834038029452
117.82458356440264,69.91950190051067
117.01803036899905,70.51066342072681
116.21147717359545,71.10182494094296
115.40492397819186,71.69298646115911
114.59837078278827,72.28414798137526
113.79181758738467,72.8753095015914
112.98526439198108,73.46647102180755
112.17871119657748,74.0576325420237
111.37215800117389,74.64879406223984
110.56560480577029,75.23995558245599
109.7590516103667,75.83111710267214
108.9524984149631,76.42227862288829
108.21147335319235,77.09375599244562
107.47044829142159,77.76523336200296
106.72942322965083,78.4367107315603
105.98839816788008,79.10818810111763
105.24737310610932,79.77966547067497
104.50634804433857,80.45114284023231
103.76532298256781,81.12262020978964
103.02429792079705,81.79409757934698
102.2832728590263,82.46557494890432
101.54224779725554,83.13705231846166
100.80122273548479,83.808529688019
100.06019767371403,84.48000705757633
99.31917261194327,85.15148442713367
98.57814755017252,85.822961796691
97.83712248840176,86.49443916624834
97.096097426631,87.16591653580568
96.35507236486025,87.83739390536302
95.61404730308949,88.50887127492035
94.95900797088463,89.26446605604619
94.30396863867976,90.02006083717203
93.6489293064749,90.77565561829786
92.99388997427003,91.5312503994237
92.33885064206517,92.28684518054953
91.6838113098603,93.04243996167537
91.02877197765544,93.7980347428012
90.37373264545057,94.55362952392704
89.71869331324571,95.30922430505288
89.06365398104084,96.06481908617872
88.40861464883598,96.82041386730455
87.75357531663111,97.57600864843039
87.09853598442625,98.33160342955622
86.44349665222138,99.08719821068206
86.56736511228074,100.0794968575634
86.6912335723401,101.07179550444474
86.81510203239945,102.06409415132607
86.93897049245881,103.05639279820741
87.75713572189485,103.63137597825867
88.5753009513309,104.20635915830994
89.39346618076695,104.7813423383612
90.33551072194368,105.1168301659185
91.2775552631204,105.4523179934758
92.21959980429713,105.7878058210331
93.16164434547386,106.1232936485904
94.10368888665059,106.4587814761477
95.04573342782732,106.79426930370501
96.01389111931701,107.04461043977608
96.9820488108067,107.29495157584715
97.9502065022964,107.54529271191822
98.91836419378609,107.7956338479893
99.88652188527578,108.04597498406036
100.85467957676548,108.29631612013144
101.82283726825517,108.54665725620251
102.79099495974486,108.79699839227358
103.75915265123456,109.04733952834465
104.72731034272425,109.29768066441572
105.69546803421395,109.5480218004868
106.66362572570364,109.79836293655787
107.63178341719333,110.04870407262894
108.58426698781446,110.35329403913609
109.53675055843559,110.65788400564324
110.48923412905671,110.96247397215039
111.44171769967784,111.26706393865754
112.39420127029896,111.5716539051647
113.34668484092009,111.87624387167185
114.29916841154122,112.180833838179
115.29444683494572,112.08377272389806
116.28972525835022,111.98671160961713
117.26871015827098,112.19064435766691
117.22028065263996,113.1894709607289
116.51667138323646,113.90005803914327
115.81306211383296,114.61064511755765
115.10945284442946,115.32123219597203
114.40584357502595,116.03181927438641
113.70223430562245,116.74240635280078
112.71503397830325,116.5829212006992
111.72783365098405,116.42343604859762
110.74063332366485,116.26395089649604
109.75343299634565,116.10446574439446
108.82262524537677,115.73895660533465
107.89181749440789,115.37344746627484
106.961009743439,115.00793832721503
106.03020199247013,114.64242918815522
105.09939424150124,114.27692004909541
104.16858649053236,113.9114109100356
103.23777873956348,113.54590177097579
102.29121913105415,113.22337284585642
101.34465952254482,112.90084392073705
100.39809991403548,112.57831499561767
99.45154030552615,112.2557860704983
98.50498069701682,111.93325714537893
97.55842108850749,111.61072822025956
96.61787551468453,111.27106070111466
95.67732994086157,110.93139318196977
94.73678436703861,110.59172566282487
93.79623879321565,110.25205814367997
92.85569321939269,109.91239062453508
91.91514764556973,109.57272310539018
90.97460207174677,109.23305558624529
90.01229011038473,109.50500353902217
89.04997814902268,109.77695149179905
88.08766618766063,110.04889944457594
87.68301097209799,110.9633687751267
87.34451669563083,111.90433722560682
87.00602241916367,112.84530567608695
86.66752814269651,113.78627412656708
86.77930385107926,114.78000758731777
86.89107955946201,115.77374104806846
87.00285526784477,116.76747450881915
87.11463097622752,117.76120796956984
87.22640668461027,118.75494143032053
87.33818239299302,119.74867489107122
86.90222778402578,120.64864354548104
86.46627317505855,121.54861219989085
85.63749308264893,120.98903775584833
85.54893505999512,119.99296673597894
85.4603770373413,118.99689571610955
85.37181901468749,118.00082469624016
85.28326099203368,117.00475367637077
85.19470296937986,116.00868265650138
85.10614494672605,115.01261163663199
84.79595507308436,114.06193701180489
84.48576519944267,113.11126238697778
84.17557532580098,112.16058776215068
83.86538545215929,111.20991313732358
83.5551955785176,110.25923851249648
83.24500570487591,109.30856388766938
82.93481583123422,108.35788926284228
82.0087958995805,107.98041464623864
81.08277596792679,107.60294002963501
80.15675603627308,107.22546541303137
79.23073610461937,106.84799079642774
78.30471617296566,106.4705161798241
77.37869624131194,106.09304156322047
76.45267630965823,105.71556694661683
75.48627803319643,105.45851759094434
74.51987975673462,105.20146823527185
73.55348148027282,104.94441887959935
72.58708320381102,104.68736952392686
71.62068492734922,104.43032016825437
70.65428665088741,104.17327081258188
69.68788837442561,103.91622145690938
68.69853431037534,103.77069298564962
67.70918024632506,103.62516451438985
66.71982618227479,103.47963604313009
65.73047211822451,103.33410757187032
64.74111805417424,103.18857910061055
63.75176399012396,103.04305062935079
62.76240992607369,102.89752215809102
61.77305586202341,102.75199368683126
60.78370179797314,102.60646521557149
59.796867239786906,102.44473224191
58.810032681600674,102.28299926824852
57.82319812341444,102.12126629458703
57.11565870912552,101.41459241136529
56.408119294836595,100.70791852814355
55.80124748634457,99.91311879987383
56.603469309222476,99.31609271426412
57.4258116678642,98.74709970447967
58.24815402650593,98.17810669469522
59.070496385147656,97.60911368491077
59.89283874378938,97.04012067512632
60.88265293594202,96.89775542299918
61.872467128094655,96.75539017087205
62.86228132024729,96.61302491874491
63.85209551239993,96.47065966661778
64.84190970455256,96.32829441449064
65.8317238967052,96.18592916236351
66.73616208128277,96.6125338626166
67.64060026586034,97.0391385628697
68.54503845043791,97.46574326312279
69.44947663501549,97.89234796337588
70.35391481959306,98.31895266362898
71.25835300417063,98.74555736388207
72.1627911887482,99.17216206413516
73.06722937332577,99.59876676438826
73.97166755790334,100.02537146464135
74.87610574248092,100.45197616489445
75.78054392705849,100.87858086514754
76.70540475001444,101.25888660815077
77.63026557297039,101.63919235115401
78.55512639592634,102.01949809415724
79.51214763665021,102.30951592947663
80.46916887737409,102.59953376479602
81.42619011809796,102.88955160011541
82.38321135882184,103.1795694354348
82.78138744519785,102.26226043393189
83.17956353157386,101.34495143242897
83.07070451840018,100.3508942332443
82.96184550522649,99.35683703405964
82.8529864920528,98.36277983487497
82.74412747887912,97.3687226356903
82.63526846570544,96.37466543650564
82.52640945253175,95.38060823732097
82.18041243886381,94.44237262377133
81.83441542519587,93.5041370102217
81.48841841152793,92.56590139667206
81.14242139785999,91.62766578312242
80.79642438419205,90.68943016957279
80.45042737052411,89.75119455602315
80.10443035685617,88.81295894247351
79.75843334318823,87.87472332892388
79.41243632952029,86.93648771537424
79.06643931585235,85.9982521018246
78.72044230218441,85.06001648827497
78.37444528851647,84.12178087472533
78.02844827484853,83.1835452611757
77.46556882090573,82.35700626008195
76.90268936696293,81.5304672589882
76.33980991302013,80.70392825789445
75.77693045907733,79.8773892568007
75.21405100513454,79.05085025570695
74.65117155119174,78.2243112546132
74.08829209724894,77.39777225351945
73.52541264330614,76.5712332524257
72.96253318936334,75.74469425133195
72.39965373542054,74.9181552502382
71.83677428147774,74.09161624914445
71.27389482753495,73.2650772480507
70.71101537359215,72.43853824695695
70.14813591964935,71.6119992458632
69.46440122052273,70.88226856868825
68.78066652139611,70.15253789151329
68.0969318222695,69.42280721433833
67.41319712314288,68.69307653716338
66.72946242401626,67.96334585998842
66.04572772488964,67.23361518281347
65.36199302576303,66.50388450563851
64.67825832663641,65.77415382846355
63.994523627509786,65.0444231512886
63.31078892838316,64.31469247411364
62.490385209502655,63.74290777857953
61.66998149062215,63.171123083045416
60.84957777174164,62.5993383875113
60.02917405286114,62.02755369197719
59.20877033398063,61.455768996443076
58.388366615100125,60.88398430090896
57.56796289621962,60.31219960537485
56.74755917733911,59.74041490984074
55.92715545845861,59.168630214306624
55.1067517395781,58.59684551877251
55.73885960917716,57.82196511432874
56.73140362283931,57.70007835974304
57.72394763650146,57.578191605157336
58.716491650163604,57.456304850571634
59.6871155133268,57.69690683779982
60.65773937649,57.93750882502801
61.6283632396532,58.1781108122562
62.598987102816395,58.41871279948439
63.56961096597959,58.65931478671258
64.54023482914279,58.89991677394077
65.42966870213597,59.35698064865889
66.31910257512915,59.814044523377014
67.20853644812233,60.27110839809514
68.09797032111551,60.72817227281326
68.98740419410869,61.185236147531384
69.87683806710187,61.64230002224951
70.76627194009505,62.09936389696763
71.5154369616527,62.76174729838597
72.26460198321034,63.42413069980431
73.01376700476798,64.08651410122265
73.76293202632563,64.74889750264099
74.51209704788327,65.41128090405932
75.26126206944092,66.07366430547766
75.80895683763072,66.91034252372978
76.35665160582052,67.7470207419819
76.90434637401032,68.58369896023402
77.45204114220012,69.42037717848613
77.99973591038992,70.25705539673825
78.54743067857972,71.09373361499037
78.85873869379294,72.04404268032859
79.17004670900617,72.9943517456668
79.4813547242194,73.94466081100502
79.79266273943263,74.89496987634324
80.10397075464586,75.84527894168146
80.39459131533259,76.80211732391021
80.68521187601932,77.75895570613896
80.97583243670606,78.71579408836772
81.26645299739279,79.67263247059647
81.55707355807952,80.62947085282522
81.84769411876626,81.58630923505397
82.13831467945299,82.54314761728273
82.42893524013972,83.49998599951148
82.71955580082646,84.45682438174023
83.01017636151319,85.41366276396899
83.30079692219992,86.37050114619774
83.59141748288665,87.32733952842649
83.88203804357339,88.28417791065525
84.0547368880857,89.2691525850018
84.22743573259801,90.25412725934837
84.40013457711032,91.23910193369493
84.39333415100859,92.23907881053
84.38653372490685,93.23905568736508
84.37973329880512,94.23903256420016
85.6769559709632,92.977885171416
86.32653661506154,92.21759247329719
86.97611725915988,91.45729977517837
87.62569790325821,90.69700707705955
88.27527854735655,89.93671437894074
88.92485919145489,89.17642168082192
89.57443983555322,88.4161289827031
90.15759230023092,87.60376625402807
90.74074476490861,86.79140352535305
91.32389722958631,85.97904079667802
91.907049694264,85.166678068003
92.4902021589417,84.35431533932797
93.0733546236194,83.54195261065294
93.65650708829709,82.72958988197792
94.23965955297479,81.91722715330289
94.82281201765248,81.10486442462786
95.40596448233018,80.29250169595284
95.98911694700787,79.48013896727781
96.57226941168557,78.66777623860278
97.15542187636326,77.85541350992776
97.73857434104096,77.04305078125273
98.32172680571865,76.2306880525777
98.91647573813052,75.42677654787401
99.51122467054238,74.62286504317032
100.10597360295424,73.81895353846663
100.7007225353661,73.01504203376294
101.29547146777796,72.21113052905925
101.89022040018982,71.40721902435556
102.48496933260168,70.60330751965186
103.16613140509604,69.87117486022791
103.8472934775904,69.13904220080396
104.52845555008476,68.40690954138
105.20961762257912,67.67477688195605
105.89077969507348,66.9426442225321
106.57194176756784,66.21051156310814
107.36539823170338,65.60188455128439
108.15885469583893,64.99325753946063
108.95231115997447,64.38463052763687
109.74576762411002,63.776003515813116
110.53922408824556,63.16737650398936
111.3326805523811,62.5587494921656
112.12613701651665,61.95012248034185
112.9195934806522,61.34149546851809
113.71304994478774,60.732868456694334
114.50650640892329,60.12424144487058
115.29996287305883,59.51561443304682
116.09341933719438,58.906987421223064
116.88687580132992,58.29836040939931
117.81929188809006,57.93697385576054
118.7517079748502,57.575587302121775
119.68412406161035,57.21420074848301
120.68371583339226,57.18562996295099
121.68330760517416,57.15705917741897
122.67883124066316,57.25157209284732
123.67435487615215,57.346085008275665
124.66987851164114,57.44059792370401
125.66540214713014,57.53511083913236
126.66092578261913,57.629623754560704
127.65644941810812,57.72413666998905
128.64479732082665,57.87634844086076
129.63314522354517,58.02856021173247
130.6214931262637,58.18077198260418
131.6098410289822,58.33298375347589
132.59818893170072,58.485195524347596
133.58653683441923,58.637407295219305
134.57488473713775,58.789619066091014
135.57452723639645,58.76288194440979
136.57416973565515,58.73614482272857
137.57381223491385,58.70940770104735
138.57345473417254,58.682670579366125
139.57309723343124,58.6559334576849
140.57273973268994,58.62919633600368
141.57071560422997,58.56560262700754
142.56869147577,58.502008918011406
143.56666734731004,58.43841520901527
144.56464321885008,58.37482150001913
145.5624765705015,58.44061361453223
146.5370594537642,58.664640853169345
147.1845522543139,59.42671242017359
147.11371923063408,60.424200606948936
146.34222750199805,61.060439958644665
145.57073577336203,61.69667931034039
144.60571446952187,61.95885078692512
143.6406931656817,62.221022263509845
142.67567186184155,62.48319374009457
141.69857944608964,62.69600917910239
140.72148703033773,62.90882461811021
139.74439461458581,63.12164005711803
138.7673021988339,63.33445549612585
137.790209783082,63.54727093513367
136.81311736733008,63.76008637414149
135.83602495157817,63.972901813149306
134.85893253582626,64.18571725215712
133.88184012007434,64.39853269116493
132.90474770432243,64.61134813017274
131.92765528857052,64.82416356918056
130.9505628728186,65.03697900818837
129.9734704570667,65.24979444719618
128.99637804131478,65.46260988620399
128.07618874926766,65.85408359771196
127.15599945722055,66.24555730921993
126.23581016517343,66.6370310207279
125.31562087312632,67.02850473223587
124.39543158107921,67.41997844374384
123.4752422890321,67.81145215525181
122.55505299698498,68.20292586675978
121.63486370493787,68.59439957826775
120.71467441289076,68.98587328977572
119.79448512084365,69.3773470012837
118.87429582879653,69.76882071279167
118.0677753013301,70.3600268010344
117.26125477386367,70.95123288927712
116.45473424639724,71.54243897751985
115.6482137189308,72.13364506576258
114.84169319146437,72.72485115400531
114.03517266399794,73.31605724224804
113.22865213653151,73.90726333049076
112.42213160906508,74.49846941873349
111.61561108159864,75.08967550697622
110.80909055413221,75.68088159521895
110.00257002666578,76.27208768346168
109.19604949919935,76.8632937717044
108.45538252404981,77.53516610475796
107.71471554890027,78.20703843781152
106.97404857375074,78.87891077086508
106.2333815986012,79.55078310391863
105.49271462345166,80.22265543697219
104.75204764830212,80.89452777002575
104.01138067315259,81.5664001030793
103.27071369800305,82.23827243613286
102.53004672285351,82.91014476918642
101.78937974770398,83.58201710223997
101.04871277255444,84.25388943529353
100.3080457974049,84.92576176834709
99.56737882225536,85.59763410140064
98.82671184710583,86.2695064344542
98.08604487195629,86.94137876750776
97.34537789680675,87.61325110056131
96.60471092165722,88.28512343361487
95.86404394650768,88.95699576666843
95.20980587074632,89.71328442863823
94.55556779498497,90.46957309060804
93.90132971922361,91.22586175257784
93.24709164346226,91.98215041454765
92.5928535677009,92.73843907651745
91.93861549193954,93.49472773848726
91.28437741617819,94.25101640045706
90.63013934041683,95.00730506242687
89.97590126465548,95.76359372439667
89.32166318889412,96.51988238636648
88.66742511313277,97.27617104833628
88.01318703737141,98.03245971030609
87.35894896161005,98.78874837227589
86.7047108858487,99.5450370342457
86.90286624304841,100.52520765939882
87.10102160024812,101.50537828455194
87.29917695744783,102.48554890970506
88.08827361255891,103.09981796223214
88.87737026766999,103.71408701475922
89.66646692278107,104.3283560672863
90.60743314007362,104.66685655164953
91.54839935736618,105.00535703601277
92.48936557465873,105.343857520376
93.43033179195129,105.68235800473924
94.37129800924384,106.02085848910248
95.3122642265364,106.35935897346572
96.28064252221864,106.60884539885106
97.24902081790088,106.8583318242364
98.21739911358313,107.10781824962174
99.18577740926537,107.35730467500709
100.15415570494761,107.60679110039243
101.12253400062986,107.85627752577777
102.0909122963121,108.10576395116311
103.05929059199434,108.35525037654845
104.02766888767658,108.6047368019338
104.99604718335883,108.85422322731914
105.96442547904107,109.10370965270448
106.93280377472331,109.35319607808982
107.90118207040555,109.60268250347517
108.85338811450004,109.9081389645133
109.80559415859452,110.21359542555143
110.757800202689,110.51905188658957
111.71000624678348,110.8245083476277
112.66221229087796,111.12996480866583
113.61441833497244,111.43542126970397
114.56662437906692,111.7408777307421
115.55717958091246,111.60376320891179
116.547734782758,111.46664868708147
117.46461801264489,111.8658042241246
117.60402017809633,112.85604007293409
116.95740530107959,113.61885669625887
116.31079042406284,114.38167331958365
115.6641755470461,115.14448994290844
115.01756067002935,115.90730656623322
114.37094579301261,116.670123189558
113.37164674129703,116.6326878420863
112.37234768958145,116.5952524946146
111.37304863786586,116.5578171471429
110.37374958615028,116.5203817996712
109.3744505344347,116.4829464521995
108.4431666451684,116.11865217885301
107.5118827559021,115.75435790550652
106.58059886663581,115.39006363216004
105.64931497736951,115.02576935881355
104.71803108810322,114.66147508546706
103.78674719883692,114.29718081212057
102.85546330957062,113.93288653877408
101.90834200954903,113.61201079483975
100.96122070952744,113.29113505090541
100.01409940950585,112.97025930697107
99.06697810948425,112.64938356303674
98.11985680946266,112.3285078191024
97.17860645089911,111.99079823602251
96.23735609233556,111.65308865294263
95.29610573377201,111.31537906986274
94.35485537520846,110.97766948678286
93.41360501664491,110.63995990370297
92.47235465808136,110.30225032062309
91.5311042995178,109.9645407375432
90.5440113991618,110.12468943740294
89.5569184988058,110.28483813726267
88.5698255984498,110.4449868371224
88.10197203142879,111.32879283383532
87.7566740885239,112.26728595081896
87.411376145619,113.2057790678026
87.48402084345008,114.20313695135144
87.55666554128116,115.20049483490028
87.62931023911224,116.19785271844913
87.70195493694332,117.19521060199797
87.7745996347744,118.19256848554681
87.84724433260548,119.18992636909566
87.91988903043656,120.1872842526445
87.37066235488422,121.02295766903497
86.82143567933187,121.85863108542543
86.27220900377952,122.69430450181589
85.71662105694352,121.86284672577999
85.55639437702668,120.87576648028684
85.39616769710983,119.8886862347937
85.23594101719299,118.90160598930055
85.07571433727614,117.9145257438074
84.9154876573593,116.92744549831426
84.75526097744245,115.94036525282111
84.46051618063198,114.98478924603089
84.16577138382152,114.02921323924066
83.87102658701106,113.07363723245044
83.5762817902006,112.11806122566021
83.28153699339013,111.16248521886999
82.98679219657967,110.20690921207976
82.69204739976921,109.25133320528954
81.78943067692745,108.82088802684468
80.8868139540857,108.39044284839983
79.98419723124394,107.95999766995497
79.08158050840218,107.52955249151012
78.17896378556043,107.09910731306526
77.27634706271867,106.6686621346204
76.37373033987691,106.23821695617555
75.40823917871629,105.97778113352302
74.44274801755566,105.7173453108705
73.47725685639503,105.45690948821797
72.5117656952344,105.19647366556545
71.54627453407377,104.93603784291292
70.58078337291315,104.6756020202604
69.61529221175252,104.41516619760787
68.62600734619498,104.26916806481572
67.63672248063745,104.12316993202356
66.64743761507991,103.9771717992314
65.65815274952237,103.83117366643924
64.66886788396484,103.68517553364708
63.67958301840729,103.53917740085492
62.69029815284975,103.39317926806277
61.701013287292206,103.24718113527061
60.71172842173466,103.10118300247845
59.72487429923093,102.93956944829007
58.738020176727204,102.7779558941017
57.751166054223475,102.61634233991332
57.01840866556771,101.93585236249235
56.28565127691195,101.2553623850714
55.656270452250716,100.47826536567887
56.210222972221075,99.64571710544497
56.764175492191434,98.81316884521108
57.562971159585466,98.21156641689772
58.3617668269795,97.60996398858437
59.16056249437353,97.00836156027101
59.95935816176756,96.40675913195766
60.95186187846396,96.28454467968689
61.94436559516035,96.16233022741612
62.93686931185674,96.04011577514535
63.92937302855313,95.91790132287458
64.92187674524952,95.79568687060382
65.91438046194591,95.67347241833305
66.81891315703439,96.09987669072719
67.72344585212286,96.52628096312132
68.62797854721134,96.95268523551546
69.53251124229982,97.3790895079096
70.4370439373883,97.80549378030373
71.34157663247677,98.23189805269787
72.24610932756525,98.65830232509201
73.15064202265373,99.08470659748615
74.0551747177422,99.51111086988028
74.95970741283068,99.93751514227442
75.86424010791916,100.36391941466856
76.78824313109894,100.74630457802435
77.71224615427872,101.12868974138014
78.6362491774585,101.51107490473593
79.59196763987593,101.80535745704654
80.54768610229337,102.09964000935715
82.45912302712824,102.68820511397836
81.5034045647108,102.39392256166775
82.68052979178404,101.71302356956488
82.57745809588553,100.71834964032746
82.47438639998703,99.72367571109004
82.37131470408852,98.72900178185262
82.26824300819001,97.7343278526152
82.1651713122915,96.73965392337777
82.062099616393,95.74497999414035
81.72042071689225,94.80516324091877
81.3787418173915,93.8653464876972
81.03706291789075,92.92552973447562
80.69538401839,91.98571298125404
80.35370511888925,91.04589622803246
80.0120262193885,90.10607947481088
79.67034731988775,89.1662627215893
79.328668420387,88.22644596836773
78.98698952088625,87.28662921514615
78.6453106213855,86.34681246192457
78.30363172188476,85.406995708703
77.961952822384,84.46717895548142
77.62027392288326,83.52736220225984
77.05922969228389,82.69957637771876
76.49818546168453,81.87179055317768
75.93714123108516,81.0440047286366
75.3760970004858,80.21621890409551
74.81505276988644,79.38843307955443
74.25400853928707,78.56064725501335
73.6929643086877,77.73286143047227
73.13192007808834,76.90507560593119
72.57087584748898,76.0772897813901
72.00983161688961,75.24950395684903
71.44878738629025,74.42171813230794
70.88774315569088,73.59393230776686
70.32669892509152,72.76614648322578
69.76565469449216,71.9383606586847
69.08204204401093,71.20851564493039
68.39842939352971,70.47867063117607
67.71481674304849,69.74882561742176
67.03120409256726,69.01898060366744
66.34759144208604,68.28913558991313
65.66397879160482,67.55929057615882
64.9803661411236,66.8294455624045
64.29675349064237,66.09960054865019
63.613140840161144,65.36975553489587
62.929528189679914,64.63991052114156
62.10777316539067,64.07006959592174
61.28601814110142,63.500228670701915
60.46426311681218,62.93038774548209
59.64250809252293,62.36054682026227
58.820753068233685,61.79070589504245
57.99899804394444,61.22086496982263
57.177243019655194,60.651024044602806
56.35548799536595,60.081183119382985
55.5337329710767,59.51134219416316
54.71197794678746,58.94150126894334
53.89022292249821,58.37166034372352
54.71370729552248,57.80432139090534
55.537191668546754,57.23698243808717
56.532864044191015,57.14404955704438
57.52853641983528,57.0511166760016
58.52420879547954,56.95818379495881
59.49682548824596,57.190598873970714
60.46944218101238,57.423013952982615
61.442058873778805,57.655429031994515
62.41467556654523,57.887844111006416
63.38729225931165,58.12025919001832
64.35990895207807,58.35267426903022
65.3325256448445,58.58508934804212
66.21216879524039,59.06072358562556
67.09181194563628,59.536357823209
67.97145509603217,60.011992060792444
68.85109824642807,60.487626298375886
69.73074139682396,60.96326053595933
70.61038454721985,61.43889477354277
71.37011791926146,62.089129503010746
72.12985129130307,62.73936423247872
72.88958466334468,63.389598961946696
73.64931803538629,64.03983369141467
74.4090514074279,64.69006842088265
75.1687847794695,65.34030315035064
75.73740377188231,66.16290417239439
76.30602276429512,66.98550519443815
76.87464175670793,67.8081062164819
77.44326074912074,68.63070723852566
78.01187974153355,69.45330826056941
78.58049873394636,70.27590928261317
78.92392398737732,71.21508929480778
79.26734924080829,72.1542693070024
79.61077449423925,73.093449319197
79.95419974767022,74.03262933139162
80.29762500110118,74.97180934358623
80.64105025453215,75.91098935578084
80.9320327035956,76.86771774688097
81.22301515265904,77.8244461379811
81.5139976017225,78.78117452908123
81.80498005078594,79.73790292018136
82.09596249984939,80.69463131128148
82.38694494891284,81.65135970238161
82.67792739797629,82.60808809348174
82.96890984703974,83.56481648458187
83.25989229610319,84.521544875682
83.55087474516664,85.47827326678213
83.84185719423009,86.43500165788225
84.13283964329354,87.39173004898238
84.42382209235699,88.34845844008251
84.59022089803376,89.33451697661538
84.75661970371054,90.32057551314824
84.92301850938732,91.30663404968111
84.93356217654612,92.30657846367762
84.94410584370492,93.30652287767414
